Designator,Footprint,Quantity,Value,LCSC Part #
"C1, C2, C3, C4, C5, C6, C7, C8",C_0603_1608Metric,8,100n,
"D1, D2, D3, D4, D5, D6, D7, D8",LED_0603_1608Metric,8,LED_AD,
"H1, H4, H6, H7",MountingHole_2.2mm_M2_Pad,4,M2,
"H2, H3, H5",ToolingHole,3,TH,
J1,PinHeader_1x20_P2.54mm_Vertical,1,HDR_TOP,
J2,PinHeader_1x20_P2.54mm_Vertical,1,HDR_BTM,
R1,R_0603_1608Metric,1,300,
"R2, R3, R4, R5, R6, R7, R8, R9",R_0603_1608Metric,8,100k,
"SW1, SW2, SW3, SW4",SW_PUSH_6mm,4,SW_Push,
U1,DIP-14_W7.62mm_LongPads,1,74HC14,
U2,TO-92_Inline,1,DS1822,
U3,SOIC-20W_7.5x12.8mm_P1.27mm,1,TM1620,
"U4, U5, U6, U7",157136B12701,4,157136B12701,
U8,DIP-16_W7.62mm_LongPads,1,74HC238,
